{"cameraMode":{"drawMode":0,"name":"Shaded","section":"Shading Mode"},"sceneLighting":false,"audioPlay":false,"sceneViewState":{"showFog":true,"showMaterialUpdate":false,"showSkybox":false,"showFlares":true,"showImageEffects":true,"showParticleSystems":true},"in2DMode":false,"pivot":{"x":-0.2133864164352417,"y":0.05879047513008118,"z":0.03757987916469574},"rotation":{"x":-0.015182017348706723,"y":0.7331827282905579,"z":0.01618540659546852,"w":0.6797553896903992},"size":0.133012592792511,"orthographic":false}