{"cameraMode":{"drawMode":0,"name":"Shaded","section":"Shading Mode"},"sceneLighting":false,"audioPlay":false,"sceneViewState":{"showFog":true,"showMaterialUpdate":false,"showSkybox":false,"showFlares":true,"showImageEffects":true,"showParticleSystems":true},"in2DMode":false,"pivot":{"x":-4.409243583679199,"y":-10.866230010986329,"z":-0.7817397117614746},"rotation":{"x":0.7279883027076721,"y":-0.004112643655389547,"z":0.004367866553366184,"w":0.68556809425354},"size":11.126739501953125,"orthographic":true}