{"cameraMode":{"drawMode":0,"name":"Shaded","section":"Shading Mode"},"sceneLighting":false,"audioPlay":false,"sceneViewState":{"showFog":true,"showMaterialUpdate":false,"showSkybox":false,"showFlares":true,"showImageEffects":true,"showParticleSystems":true},"in2DMode":false,"pivot":{"x":0.7769485116004944,"y":171.31446838378907,"z":45.57783889770508},"rotation":{"x":-0.8627538084983826,"y":0.0524153895676136,"z":-0.09144338965415955,"w":-0.4945351779460907},"size":177.21609497070313,"orthographic":false}