{"cameraMode":{"drawMode":0,"name":"Shaded","section":"Shading Mode"},"sceneLighting":false,"audioPlay":false,"sceneViewState":{"showFog":true,"showMaterialUpdate":false,"showSkybox":false,"showFlares":true,"showImageEffects":true,"showParticleSystems":true},"in2DMode":false,"pivot":{"x":-0.8731038570404053,"y":0.0,"z":2.161097288131714},"rotation":{"x":-0.7035070061683655,"y":0.00042577143176458776,"z":-0.00041674263775348663,"w":-0.7107006311416626},"size":1.8413121700286866,"orthographic":false}